n	mean	var
08	0.004991	0.000975
09	0.019797	0.000064
10	0.070577	0.006859
11	0.351415	0.038394
12	1.794876	0.109426
