n	mean	var
08	0.000117	0.000034
09	0.000478	0.000137
10	0.001992	0.000311
11	0.010072	0.000474
12	0.050488	0.002476
